Cell name	Sample name	Stage	CD4 T cell subsets	Cell_type	Clusters PMN	Myeloid cells cluster	Expressed genes	Mitochondrial reads percent	Ribosomal reads percent	Total count
564426	ONSET_EAE	ONSET	2	Lymphocytes	N/A	N/A	3045	0.36959999999999998	0.73909999999999998	8659
756945	ONSET_EAE	ONSET	2	Lymphocytes	N/A	N/A	2405	0.58299999999999996	0.9819	6518
585688	ONSET_EAE	ONSET	2	Lymphocytes	N/A	N/A	2500	0.86510000000000009	1.29	6589
183411	ONSET_EAE	ONSET	2	Lymphocytes	N/A	N/A	2640	0.78800000000000003	0.95679999999999998	7107
474280	ONSET_EAE	ONSET	2	Lymphocytes	N/A	N/A	2336	0.54759999999999998	0.89750000000000008	6574
718644	ONSET_EAE	ONSET	2	Lymphocytes	N/A	N/A	2606	1.4797	0.94310000000000005	6150
411378	ONSET_EAE	ONSET	2	Lymphocytes	N/A	N/A	2920	1.2077	0.62379999999999991	7535
371027	ONSET_EAE	ONSET	2	Lymphocytes	N/A	N/A	2393	1.7073	0.71430000000000005	5740
430472	ONSET_EAE	ONSET	2	Lymphocytes	N/A	N/A	2498	0.64980000000000004	0.49590000000000001	5848
304833	ONSET_EAE	ONSET	2	Lymphocytes	N/A	N/A	2327	0.73370000000000002	1.0338999999999998	5997
729287	ONSET_EAE	ONSET	2	Lymphocytes	N/A	N/A	2336	0.40489999999999998	0.90189999999999992	5433
543188	ONSET_EAE	ONSET	2	Lymphocytes	N/A	N/A	2144	1.3093999999999999	0.75069999999999992	5728
116843	ONSET_EAE	ONSET	N/A	Lymphocytes	N/A	N/A	2210	1.1815	0.73839999999999995	5417
626401	ONSET_EAE	ONSET	2	Lymphocytes	N/A	N/A	2291	0.96530000000000005	0.57200000000000006	5594
864533	ONSET_EAE	ONSET	2	Lymphocytes	N/A	N/A	2218	1.1664000000000001	0.51319999999999999	6430
408786	ONSET_EAE	ONSET	2	Lymphocytes	N/A	N/A	2058	1.9056	1.0798000000000001	4723
269072	ONSET_EAE	ONSET	2	Lymphocytes	N/A	N/A	2060	1.4233	0.48060000000000003	5410
704538	ONSET_EAE	ONSET	2	Lymphocytes	N/A	N/A	2121	1.0286	0.65459999999999996	5347
13553	ONSET_EAE	ONSET	2	Lymphocytes	N/A	N/A	2097	2.1322000000000001	0.7107	5206
119620	ONSET_EAE	ONSET	2	Lymphocytes	N/A	N/A	2423	1.0385	0.73080000000000001	5200
142031	ONSET_EAE	ONSET	N/A	Lymphocytes	N/A	N/A	2177	0.64229999999999998	0.48170000000000002	4982
131630	ONSET_EAE	ONSET	2	Lymphocytes	N/A	N/A	2075	0.60499999999999998	0.60499999999999998	4793
81649	ONSET_EAE	ONSET	2	Lymphocytes	N/A	N/A	2002	0.1888	0.3987	4766
653805	ONSET_EAE	ONSET	2	Lymphocytes	N/A	N/A	2130	0.74829999999999997	1.1759999999999999	4677
212903	ONSET_EAE	ONSET	2	Lymphocytes	N/A	N/A	1919	1.9008	0.8083999999999999	4577
257604	ONSET_EAE	ONSET	2	Lymphocytes	N/A	N/A	1758	0.95399999999999996	0.64390000000000003	4193
553717	ONSET_EAE	ONSET	2	Lymphocytes	N/A	N/A	1489	0.68599999999999994	0.75029999999999997	4665
634078	ONSET_EAE	ONSET	2	Lymphocytes	N/A	N/A	1980	0.93200000000000005	0.33409999999999995	5687
504924	ONSET_EAE	ONSET	2	Lymphocytes	N/A	N/A	2012	2.3529	0.77729999999999999	4760
453751	ONSET_EAE	ONSET	2	Lymphocytes	N/A	N/A	1943	0.79380000000000006	0.6351	4409
846196	ONSET_EAE	ONSET	2	Lymphocytes	N/A	N/A	1830	1.4689000000000001	1.0099	4357
711918	ONSET_EAE	ONSET	2	Lymphocytes	N/A	N/A	1535	1.4265999999999999	1.1095999999999999	4416
508816	ONSET_EAE	ONSET	N/A	Lymphocytes	N/A	N/A	1774	1.2479	0.79410000000000003	3526
38747	ONSET_EAE	ONSET	2	Lymphocytes	N/A	N/A	1833	2.1604999999999999	1.0582	4536
619572	ONSET_EAE	ONSET	2	Lymphocytes	N/A	N/A	1894	0.56989999999999996	0.74530000000000007	4562
338409	ONSET_EAE	ONSET	2	Lymphocytes	N/A	N/A	1827	1.3361000000000001	0.74729999999999996	4416
43422	ONSET_EAE	ONSET	2	Lymphocytes	N/A	N/A	1900	0.83520000000000005	0.79120000000000001	4550
437402	ONSET_EAE	ONSET	2	Lymphocytes	N/A	N/A	1781	1.6445999999999998	0.44120000000000004	4986
12447	ONSET_EAE	ONSET	2	Lymphocytes	N/A	N/A	1879	1.2508999999999999	0.64859999999999995	4317
877576	ONSET_EAE	ONSET	2	Lymphocytes	N/A	N/A	1820	0.87280000000000002	0.57600000000000007	5729
635263	ONSET_EAE	ONSET	2	Lymphocytes	N/A	N/A	1760	0.51400000000000001	0.44390000000000002	4280
368750	ONSET_EAE	ONSET	2	Lymphocytes	N/A	N/A	1983	1.0796000000000001	0.49480000000000002	4446
621037	ONSET_EAE	ONSET	2	Lymphocytes	N/A	N/A	1775	0.65589999999999993	0.50280000000000002	4574
593270	ONSET_EAE	ONSET	2	Lymphocytes	N/A	N/A	1570	1.1957	0.75380000000000003	3847
438164	ONSET_EAE	ONSET	2	Lymphocytes	N/A	N/A	1931	0.66160000000000008	0.53910000000000002	4081
306977	ONSET_EAE	ONSET	1	Lymphocytes	N/A	N/A	1771	0.6492	1.0623	3389
85402	ONSET_EAE	ONSET	2	Lymphocytes	N/A	N/A	1648	1.3409	0.79939999999999989	3878
451711	ONSET_EAE	ONSET	2	Lymphocytes	N/A	N/A	1836	0.65820000000000001	0.75950000000000006	3950
254277	ONSET_EAE	ONSET	2	Lymphocytes	N/A	N/A	1641	0.45659999999999995	0.59189999999999998	5913
657505	ONSET_EAE	ONSET	2	Lymphocytes	N/A	N/A	1893	1.8536000000000001	0.50970000000000004	4316
69952	ONSET_EAE	ONSET	2	Lymphocytes	N/A	N/A	1695	0.19439999999999999	0.53459999999999996	4115
26693	ONSET_EAE	ONSET	2	Lymphocytes	N/A	N/A	1633	0.65170000000000006	0.87840000000000007	3529
867044	ONSET_EAE	ONSET	2	Lymphocytes	N/A	N/A	1703	0.72230000000000005	0.69340000000000002	3461
808381	ONSET_EAE	ONSET	2	Lymphocytes	N/A	N/A	1571	1.3154000000000001	0.74739999999999995	3345
624847	ONSET_EAE	ONSET	2	Lymphocytes	N/A	N/A	1585	1.3558999999999999	0.76270000000000004	3540
851649	ONSET_EAE	ONSET	2	Lymphocytes	N/A	N/A	1636	0.32629999999999998	0.42669999999999997	3984
629154	ONSET_EAE	ONSET	2	Lymphocytes	N/A	N/A	1668	1.7001999999999999	0.22669999999999998	3529
264261	ONSET_EAE	ONSET	2	Lymphocytes	N/A	N/A	1546	0.89390000000000003	0.72630000000000006	3580
276298	ONSET_EAE	ONSET	2	Lymphocytes	N/A	N/A	1790	0.93059999999999998	0.42300000000000004	3546
729720	ONSET_EAE	ONSET	1	Lymphocytes	N/A	N/A	1640	1.4503999999999999	0.75209999999999999	3723
730315	ONSET_EAE	ONSET	2	Lymphocytes	N/A	N/A	1312	2.5423999999999998	1.0986	3186
471063	ONSET_EAE	ONSET	2	Lymphocytes	N/A	N/A	1380	2.2707999999999999	0.89710000000000001	3567
314963	ONSET_EAE	ONSET	2	Lymphocytes	N/A	N/A	1595	1.1416999999999999	0.84889999999999999	3416
221822	ONSET_EAE	ONSET	2	Lymphocytes	N/A	N/A	1613	1.3367	1.0185	3142
246861	ONSET_EAE	ONSET	2	Lymphocytes	N/A	N/A	1619	1.0306	0.66689999999999994	3299
755446	ONSET_EAE	ONSET	2	Lymphocytes	N/A	N/A	1659	1.7971000000000001	0.28989999999999999	3450
620607	ONSET_EAE	ONSET	2	Lymphocytes	N/A	N/A	1498	1.1186	0.8536999999999999	3397
576938	ONSET_EAE	ONSET	2	Lymphocytes	N/A	N/A	1542	1.9286999999999999	0.70130000000000003	3422
20774	ONSET_EAE	ONSET	1	Lymphocytes	N/A	N/A	1477	1.8905000000000001	0.91260000000000008	3068
154558	ONSET_EAE	ONSET	1	Lymphocytes	N/A	N/A	1632	1.3187	0.86979999999999991	3564
52203	ONSET_EAE	ONSET	1	Lymphocytes	N/A	N/A	1384	0.996	0.96279999999999999	3012
257700	ONSET_EAE	ONSET	1	Lymphocytes	N/A	N/A	1608	0.94599999999999995	0.88500000000000001	3277
795061	ONSET_EAE	ONSET	1	Lymphocytes	N/A	N/A	1479	2.6464000000000003	0.56309999999999993	3552
749509	ONSET_EAE	ONSET	2	Lymphocytes	N/A	N/A	1297	0.74269999999999992	0.77980000000000005	2693
46444	ONSET_EAE	ONSET	2	Lymphocytes	N/A	N/A	1471	1.8868	0.94340000000000002	3498
374585	ONSET_EAE	ONSET	1	Lymphocytes	N/A	N/A	1303	2.3217000000000003	0.84119999999999995	2972
116787	ONSET_EAE	ONSET	1	Lymphocytes	N/A	N/A	1527	0.71789999999999998	0.86750000000000005	3343
182898	ONSET_EAE	ONSET	2	Lymphocytes	N/A	N/A	1662	0.56269999999999998	0.61629999999999996	3732
512587	ONSET_EAE	ONSET	2	Lymphocytes	N/A	N/A	1563	0.99799999999999989	0.93149999999999999	3006
468657	ONSET_EAE	ONSET	2	Lymphocytes	N/A	N/A	1277	0.87939999999999996	0.75380000000000003	3184
427143	ONSET_EAE	ONSET	1	Lymphocytes	N/A	N/A	1569	0.70350000000000001	0.70350000000000001	2985
804231	ONSET_EAE	ONSET	1	Lymphocytes	N/A	N/A	1351	2.7429999999999999	0.57569999999999999	2953
13663	ONSET_EAE	ONSET	1	Lymphocytes	N/A	N/A	1501	1.0605	0.68620000000000003	3206
574730	ONSET_EAE	ONSET	1	Lymphocytes	N/A	N/A	1549	1.2253000000000001	0.64669999999999994	2938
512981	ONSET_EAE	ONSET	1	Lymphocytes	N/A	N/A	1533	0.59799999999999998	0.53160000000000007	3010
192563	ONSET_EAE	ONSET	1	Lymphocytes	N/A	N/A	1538	1.5660000000000001	0.70309999999999995	3129
543123	ONSET_EAE	ONSET	2	Lymphocytes	N/A	N/A	1455	1.1147	0.6472	2781
48604	ONSET_EAE	ONSET	2	Lymphocytes	N/A	N/A	1583	1.2161999999999999	0.57769999999999999	3289
183794	ONSET_EAE	ONSET	1	Lymphocytes	N/A	N/A	1365	1.2248999999999999	1.2930000000000001	2939
267519	ONSET_EAE	ONSET	1	Lymphocytes	N/A	N/A	1298	1.3582000000000001	1.3194000000000001	2577
105845	ONSET_EAE	ONSET	1	Lymphocytes	N/A	N/A	1453	0.78029999999999999	0.78029999999999999	3332
852142	ONSET_EAE	ONSET	1	Lymphocytes	N/A	N/A	1531	1.2009000000000001	0.4869	3081
89812	ONSET_EAE	ONSET	2	Lymphocytes	N/A	N/A	1355	0.9749000000000001	1.2534999999999998	2872
306197	ONSET_EAE	ONSET	1	Lymphocytes	N/A	N/A	1447	1.5093000000000001	0.73709999999999998	2849
216738	ONSET_EAE	ONSET	2	Lymphocytes	N/A	N/A	1325	1.4639	0.62739999999999996	2869
50847	ONSET_EAE	ONSET	1	Lymphocytes	N/A	N/A	1378	0.93389999999999995	1.1069	2891
333132	ONSET_EAE	ONSET	2	Lymphocytes	N/A	N/A	1436	0.79080000000000006	0.43130000000000002	2782
463689	ONSET_EAE	ONSET	2	Lymphocytes	N/A	N/A	1430	2.3437999999999999	0.52080000000000004	3072
48316	ONSET_EAE	ONSET	1	Lymphocytes	N/A	N/A	1259	1.1954	1.0929	2928
212750	ONSET_EAE	ONSET	1	Lymphocytes	N/A	N/A	1501	0.8357	0.67500000000000004	3111
698036	ONSET_EAE	ONSET	2	Lymphocytes	N/A	N/A	1571	1.073	0.32789999999999997	3355
162389	ONSET_EAE	ONSET	2	Lymphocytes	N/A	N/A	1470	1.7306999999999999	0.65770000000000006	2889
20060	ONSET_EAE	ONSET	2	Lymphocytes	N/A	N/A	1346	2.6480999999999999	0.66200000000000003	2870
846211	ONSET_EAE	ONSET	1	Lymphocytes	N/A	N/A	1373	0.61780000000000002	1.2355	2590
576224	ONSET_EAE	ONSET	2	Lymphocytes	N/A	N/A	1429	2.1848000000000001	0.67910000000000004	3387
414507	ONSET_EAE	ONSET	1	Lymphocytes	N/A	N/A	1427	1.5589	0.6633	3015
463698	ONSET_EAE	ONSET	2	Lymphocytes	N/A	N/A	1256	1.8017999999999998	0.74419999999999997	2553
53046	ONSET_EAE	ONSET	1	Lymphocytes	N/A	N/A	1316	1.2828999999999999	0.82240000000000002	3040
40183	ONSET_EAE	ONSET	2	Lymphocytes	N/A	N/A	1397	1.7738	0.46849999999999997	2988
688955	ONSET_EAE	ONSET	1	Lymphocytes	N/A	N/A	1340	1.0006999999999999	0.90060000000000007	2998
124251	ONSET_EAE	ONSET	1	Lymphocytes	N/A	N/A	1323	1.3952	1.2443	2652
579211	ONSET_EAE	ONSET	1	Lymphocytes	N/A	N/A	1205	1.2053	1.0923	2655
19343	ONSET_EAE	ONSET	1	Lymphocytes	N/A	N/A	1302	3.9087999999999998	1.0992999999999999	2456
350952	ONSET_EAE	ONSET	2	Lymphocytes	N/A	N/A	1332	1.8842000000000001	0.36020000000000002	3609
161388	ONSET_EAE	ONSET	1	Lymphocytes	N/A	N/A	1220	0.93389999999999995	0.6724	2677
408638	ONSET_EAE	ONSET	1	Lymphocytes	N/A	N/A	1357	0.93880000000000008	0.93880000000000008	2663
184372	ONSET_EAE	ONSET	N/A	Lymphocytes	N/A	N/A	1409	0.83450000000000002	0.61680000000000001	2756
151544	ONSET_EAE	ONSET	1	Lymphocytes	N/A	N/A	961	2.9369999999999998	1.0745	2792
329330	ONSET_EAE	ONSET	2	Lymphocytes	N/A	N/A	1251	0.88439999999999996	0.45860000000000001	3053
58763	ONSET_EAE	ONSET	2	Lymphocytes	N/A	N/A	1334	1.5841999999999998	0.65690000000000004	2588
829703	ONSET_EAE	ONSET	1	Lymphocytes	N/A	N/A	1196	1.4297	0.81140000000000001	2588
154087	ONSET_EAE	ONSET	1	Lymphocytes	N/A	N/A	1241	1.3034999999999999	1.2663	2685
613637	ONSET_EAE	ONSET	1	Lymphocytes	N/A	N/A	1343	1.7301	0.88429999999999997	2601
113037	ONSET_EAE	ONSET	N/A	Lymphocytes	N/A	N/A	1265	2.5823	1.2078	2401
185639	ONSET_EAE	ONSET	1	Lymphocytes	N/A	N/A	1239	1.0595000000000001	0.81499999999999995	2454
756459	ONSET_EAE	ONSET	1	Lymphocytes	N/A	N/A	1320	1.9172000000000002	0.69020000000000004	2608
655338	ONSET_EAE	ONSET	1	Lymphocytes	N/A	N/A	1330	0.88109999999999999	0.84720000000000006	2951
508417	ONSET_EAE	ONSET	1	Lymphocytes	N/A	N/A	1203	1.6509	0.66819999999999991	2544
700987	ONSET_EAE	ONSET	2	Lymphocytes	N/A	N/A	1275	1.6051	1.0451999999999999	2679
525108	ONSET_EAE	ONSET	1	Lymphocytes	N/A	N/A	1179	1.2068000000000001	1.2470000000000001	2486
434895	ONSET_EAE	ONSET	1	Lymphocytes	N/A	N/A	1451	0.85850000000000004	0.58379999999999999	2912
528662	ONSET_EAE	ONSET	1	Lymphocytes	N/A	N/A	1156	3.1892999999999998	1.2515000000000001	2477
93697	ONSET_EAE	ONSET	1	Lymphocytes	N/A	N/A	1420	0.88219999999999998	1.0739999999999998	2607
375440	ONSET_EAE	ONSET	2	Lymphocytes	N/A	N/A	1382	1.9783999999999999	0.39569999999999994	2780
26701	ONSET_EAE	ONSET	1	Lymphocytes	N/A	N/A	1306	1.7680999999999998	0.53449999999999998	2432
214240	ONSET_EAE	ONSET	1	Lymphocytes	N/A	N/A	1286	0.51519999999999999	1.1164000000000001	2329
128875	ONSET_EAE	ONSET	1	Lymphocytes	N/A	N/A	1198	1.3141	0.59350000000000003	2359
658883	ONSET_EAE	ONSET	1	Lymphocytes	N/A	N/A	1270	1.5546	0.38869999999999999	2573
212403	ONSET_EAE	ONSET	N/A	Lymphocytes	N/A	N/A	1414	0.76390000000000002	0.76390000000000002	2880
768556	ONSET_EAE	ONSET	1	Lymphocytes	N/A	N/A	1291	0.64939999999999998	1.3751	2618
760943	ONSET_EAE	ONSET	1	Lymphocytes	N/A	N/A	1117	2.8955000000000002	0.71339999999999992	2383
833630	ONSET_EAE	ONSET	1	Lymphocytes	N/A	N/A	1184	0.78539999999999999	0.86809999999999998	2419
842594	ONSET_EAE	ONSET	1	Lymphocytes	N/A	N/A	1300	0.49119999999999997	0.90050000000000008	2443
728081	ONSET_EAE	ONSET	1	Lymphocytes	N/A	N/A	1215	0.90089999999999992	1.0295999999999998	2331
340892	ONSET_EAE	ONSET	1	Lymphocytes	N/A	N/A	1148	1.1513	0.87340000000000007	2519
101764	ONSET_EAE	ONSET	1	Lymphocytes	N/A	N/A	1011	1.7294	0.9405	3296
767862	ONSET_EAE	ONSET	1	Lymphocytes	N/A	N/A	1319	0.7972999999999999	0.6714	2383
538144	ONSET_EAE	ONSET	1	Lymphocytes	N/A	N/A	1207	0.48570000000000002	0.92720000000000002	2265
43380	ONSET_EAE	ONSET	1	Lymphocytes	N/A	N/A	1333	1.2218	0.4073	2701
199228	ONSET_EAE	ONSET	1	Lymphocytes	N/A	N/A	1268	1.1691	0.85430000000000006	2224
868228	ONSET_EAE	ONSET	1	Lymphocytes	N/A	N/A	1183	2.4011	0.84480000000000011	2249
302656	ONSET_EAE	ONSET	1	Lymphocytes	N/A	N/A	1243	0.73130000000000006	1.0512000000000001	2188
280109	ONSET_EAE	ONSET	1	Lymphocytes	N/A	N/A	1063	2.4241999999999999	0.80809999999999993	2970
660076	ONSET_EAE	ONSET	2	Lymphocytes	N/A	N/A	1359	1.4133	0.80210000000000004	2618
516107	ONSET_EAE	ONSET	2	Lymphocytes	N/A	N/A	1083	0.86870000000000003	1.0730999999999999	1957
861639	ONSET_EAE	ONSET	1	Lymphocytes	N/A	N/A	1277	3.9950999999999999	0.65900000000000003	2428
85740	ONSET_EAE	ONSET	1	Lymphocytes	N/A	N/A	1158	0.86020000000000008	1.0323	2325
266144	ONSET_EAE	ONSET	1	Lymphocytes	N/A	N/A	1207	1.6072	0.43119999999999997	2551
761561	ONSET_EAE	ONSET	1	Lymphocytes	N/A	N/A	1185	2.9666999999999999	0.73029999999999995	2191
845500	ONSET_EAE	ONSET	1	Lymphocytes	N/A	N/A	1314	1.1988000000000001	0.74409999999999998	2419
699637	ONSET_EAE	ONSET	1	Lymphocytes	N/A	N/A	1133	2.7254	0.33540000000000003	2385
170137	ONSET_EAE	ONSET	1	Lymphocytes	N/A	N/A	1150	0.82410000000000005	0.94769999999999999	2427
214558	ONSET_EAE	ONSET	1	Lymphocytes	N/A	N/A	1119	1.8558999999999999	1.2373000000000001	2263
517760	ONSET_EAE	ONSET	1	Lymphocytes	N/A	N/A	1142	1.3441000000000001	1.3889	2232
484109	ONSET_EAE	ONSET	1	Lymphocytes	N/A	N/A	1219	1.0269999999999999	0.85580000000000001	2337
23103	ONSET_EAE	ONSET	2	Lymphocytes	N/A	N/A	1040	0.82319999999999993	0.77990000000000004	2308
320247	ONSET_EAE	ONSET	1	Lymphocytes	N/A	N/A	1143	0.90500000000000003	1.0407	2210
762770	ONSET_EAE	ONSET	2	Lymphocytes	N/A	N/A	1096	2.2793000000000001	0.62160000000000004	2413
137389	ONSET_EAE	ONSET	1	Lymphocytes	N/A	N/A	1223	1.1874	0.6361	2358
607360	ONSET_EAE	ONSET	1	Lymphocytes	N/A	N/A	1221	0.2117	0.5504	2362
751610	ONSET_EAE	ONSET	1	Lymphocytes	N/A	N/A	1140	1.6158999999999999	0.83099999999999996	2166
204315	ONSET_EAE	ONSET	N/A	Lymphocytes	N/A	N/A	1156	0.99060000000000004	1.0377000000000001	2120
665301	ONSET_EAE	ONSET	1	Lymphocytes	N/A	N/A	1115	0.66870000000000007	1.0699999999999998	2243
252862	ONSET_EAE	ONSET	1	Lymphocytes	N/A	N/A	1201	0.73340000000000005	0.43140000000000001	2318
161806	ONSET_EAE	ONSET	1	Lymphocytes	N/A	N/A	1155	0.79699999999999993	0.84389999999999998	2133
163377	ONSET_EAE	ONSET	1	Lymphocytes	N/A	N/A	1245	1.2312999999999998	0.87950000000000006	2274
71549	ONSET_EAE	ONSET	1	Lymphocytes	N/A	N/A	1233	0.85509999999999997	1.1251	2222
580098	ONSET_EAE	ONSET	1	Lymphocytes	N/A	N/A	1106	1.4253	1.0115000000000001	2175
81080	ONSET_EAE	ONSET	1	Lymphocytes	N/A	N/A	1032	0.35100000000000003	0.70210000000000006	2279
622975	ONSET_EAE	ONSET	1	Lymphocytes	N/A	N/A	1161	0.94979999999999998	0.67400000000000004	3264
348279	ONSET_EAE	ONSET	1	Lymphocytes	N/A	N/A	1123	1.3889	0.98569999999999991	2232
93226	ONSET_EAE	ONSET	1	Lymphocytes	N/A	N/A	1037	0.56820000000000004	1.1837	2112
626202	ONSET_EAE	ONSET	1	Lymphocytes	N/A	N/A	1164	0.56769999999999998	0.87340000000000007	2290
709117	ONSET_EAE	ONSET	1	Lymphocytes	N/A	N/A	1115	1.165	1.165	2060
286841	ONSET_EAE	ONSET	1	Lymphocytes	N/A	N/A	1079	3.1384000000000003	0.71329999999999993	2103
292777	ONSET_EAE	ONSET	1	Lymphocytes	N/A	N/A	1136	0.7802	0.8236	2307
539403	ONSET_EAE	ONSET	1	Lymphocytes	N/A	N/A	1114	1.6811	0.91260000000000008	2082
141083	ONSET_EAE	ONSET	1	Lymphocytes	N/A	N/A	1016	2.1429	0.89289999999999992	2240
370772	ONSET_EAE	ONSET	1	Lymphocytes	N/A	N/A	1171	0.94179999999999997	0.42810000000000004	2336
602263	ONSET_EAE	ONSET	1	Lymphocytes	N/A	N/A	1101	1.4330000000000001	0.76769999999999994	1954
567497	ONSET_EAE	ONSET	1	Lymphocytes	N/A	N/A	1116	1.2238	0.39339999999999997	2288
411636	ONSET_EAE	ONSET	1	Lymphocytes	N/A	N/A	1143	1.0715999999999999	0.92549999999999999	2053
715901	ONSET_EAE	ONSET	1	Lymphocytes	N/A	N/A	1180	0.77200000000000002	0.68120000000000003	2202
104941	ONSET_EAE	ONSET	1	Lymphocytes	N/A	N/A	1112	1.1606999999999998	0.72540000000000004	2757
765083	ONSET_EAE	ONSET	1	Lymphocytes	N/A	N/A	999	1.3944000000000001	0.59760000000000002	2008
221610	ONSET_EAE	ONSET	1	Lymphocytes	N/A	N/A	1062	1.3644999999999998	1.3644999999999998	2052
373981	ONSET_EAE	ONSET	1	Lymphocytes	N/A	N/A	1086	0.62830000000000008	0.53169999999999995	2069
859971	ONSET_EAE	ONSET	2	Lymphocytes	N/A	N/A	1189	2.2582	0.29830000000000001	2347
584059	ONSET_EAE	ONSET	1	Lymphocytes	N/A	N/A	1190	2.5186000000000002	0.66059999999999997	2422
26527	ONSET_EAE	ONSET	2	Lymphocytes	N/A	N/A	1062	1.1309	0.65250000000000008	2299
289602	ONSET_EAE	ONSET	1	Lymphocytes	N/A	N/A	964	2.2643	0.8952	1899
416262	ONSET_EAE	ONSET	1	Lymphocytes	N/A	N/A	1042	1.6548	0.80379999999999996	2115
780207	ONSET_EAE	ONSET	N/A	Lymphocytes	N/A	N/A	1206	1.6441000000000001	0.24180000000000001	2068
61960	ONSET_EAE	ONSET	1	Lymphocytes	N/A	N/A	1078	2.5770999999999997	0.85899999999999999	1979
698677	ONSET_EAE	ONSET	1	Lymphocytes	N/A	N/A	913	1.4213	0.91369999999999996	1970
16205	ONSET_EAE	ONSET	1	Lymphocytes	N/A	N/A	1136	1.4955000000000001	0.64810000000000001	2006
199131	ONSET_EAE	ONSET	1	Lymphocytes	N/A	N/A	949	1.5547	0.65200000000000002	1994
33693	ONSET_EAE	ONSET	1	Lymphocytes	N/A	N/A	1116	2.0962999999999998	0.80289999999999995	2242
301033	ONSET_EAE	ONSET	1	Lymphocytes	N/A	N/A	877	3.3776000000000002	0.83059999999999989	1806
744009	ONSET_EAE	ONSET	1	Lymphocytes	N/A	N/A	1053	2.1461000000000001	0.86759999999999993	2190
341693	ONSET_EAE	ONSET	1	Lymphocytes	N/A	N/A	1014	1.6811	0.90869999999999995	2201
596186	ONSET_EAE	ONSET	1	Lymphocytes	N/A	N/A	1034	0.79139999999999988	1.3002	1769
119867	ONSET_EAE	ONSET	1	Lymphocytes	N/A	N/A	915	0.26440000000000002	1.3749	1891
99995	ONSET_EAE	ONSET	2	Lymphocytes	N/A	N/A	917	1.0370999999999999	1.0370999999999999	1832
276199	ONSET_EAE	ONSET	1	Lymphocytes	N/A	N/A	1102	0.60130000000000006	0.55500000000000005	2162
273258	ONSET_EAE	ONSET	1	Lymphocytes	N/A	N/A	908	2.1677	0.91269999999999996	1753
438531	ONSET_EAE	ONSET	1	Lymphocytes	N/A	N/A	1072	1.7233999999999998	0.46239999999999998	2379
114134	ONSET_EAE	ONSET	1	Lymphocytes	N/A	N/A	1105	1.1231	0.51469999999999994	2137
672962	ONSET_EAE	ONSET	2	Lymphocytes	N/A	N/A	1009	1.137	0.87860000000000005	1935
508847	ONSET_EAE	ONSET	1	Lymphocytes	N/A	N/A	941	1.6584000000000001	0.93970000000000009	1809
469327	ONSET_EAE	ONSET	1	Lymphocytes	N/A	N/A	936	0.3478	0.92749999999999999	1725
343003	ONSET_EAE	ONSET	2	Lymphocytes	N/A	N/A	910	3.8998999999999997	0.77029999999999998	2077
52626	ONSET_EAE	ONSET	1	Lymphocytes	N/A	N/A	1056	1.3105	0.504	1984
394522	ONSET_EAE	ONSET	1	Lymphocytes	N/A	N/A	1137	1.1549	0.41989999999999994	1905
619392	ONSET_EAE	ONSET	1	Lymphocytes	N/A	N/A	1047	0.39339999999999997	0.6119	2288
663299	ONSET_EAE	ONSET	1	Lymphocytes	N/A	N/A	1022	0.55249999999999999	1.3812	2172
92416	ONSET_EAE	ONSET	1	Lymphocytes	N/A	N/A	1120	0.30499999999999999	0.55919999999999992	1967
77530	ONSET_EAE	ONSET	2	Lymphocytes	N/A	N/A	923	2.0855999999999999	1.0694999999999999	1870
592631	ONSET_EAE	ONSET	1	Lymphocytes	N/A	N/A	968	0.68430000000000002	0.5474	2192
232821	ONSET_EAE	ONSET	1	Lymphocytes	N/A	N/A	989	0.89840000000000009	0.44920000000000004	1781
291133	ONSET_EAE	ONSET	1	Lymphocytes	N/A	N/A	986	1.7427000000000001	0.97389999999999999	1951
670522	ONSET_EAE	ONSET	N/A	Lymphocytes	N/A	N/A	931	3.8691999999999998	1.2534000000000001	1835
189085	ONSET_EAE	ONSET	1	Lymphocytes	N/A	N/A	1082	0.65960000000000008	1.0654000000000001	1971
480806	ONSET_EAE	ONSET	1	Lymphocytes	N/A	N/A	1046	1.3714	0.60340000000000005	1823
454709	ONSET_EAE	ONSET	1	Lymphocytes	N/A	N/A	985	0.88540000000000008	0.74560000000000004	2146
251160	ONSET_EAE	ONSET	1	Lymphocytes	N/A	N/A	1012	2.0362999999999998	0.99060000000000004	1817
52030	ONSET_EAE	ONSET	1	Lymphocytes	N/A	N/A	935	1.1554	0.69319999999999993	1731
257283	ONSET_EAE	ONSET	1	Lymphocytes	N/A	N/A	964	2.0019	0.79139999999999988	2148
584594	ONSET_EAE	ONSET	1	Lymphocytes	N/A	N/A	978	2.3056000000000001	0.37529999999999997	1865
88158	ONSET_EAE	ONSET	1	Lymphocytes	N/A	N/A	964	0.34839999999999999	1.0453000000000001	1722
98628	ONSET_EAE	ONSET	1	Lymphocytes	N/A	N/A	1072	1.5259	0.49049999999999994	1835
164221	ONSET_EAE	ONSET	1	Lymphocytes	N/A	N/A	961	1.2419	0.84449999999999992	2013
753401	ONSET_EAE	ONSET	1	Lymphocytes	N/A	N/A	912	4.3147000000000002	1.0151999999999999	1576
675427	ONSET_EAE	ONSET	1	Lymphocytes	N/A	N/A	1006	2.0240999999999998	0.65649999999999997	1828
237246	ONSET_EAE	ONSET	1	Lymphocytes	N/A	N/A	1058	0.91940000000000011	0.48669999999999997	1849
119283	ONSET_EAE	ONSET	1	Lymphocytes	N/A	N/A	974	0.61659999999999993	0.61659999999999993	1946
114294	ONSET_EAE	ONSET	1	Lymphocytes	N/A	N/A	1026	0.81259999999999999	0.66920000000000002	2092
382487	ONSET_EAE	ONSET	2	Lymphocytes	N/A	N/A	981	1.1400999999999999	0.59719999999999995	1842
65422	ONSET_EAE	ONSET	1	Lymphocytes	N/A	N/A	984	0.95239999999999991	1.0052999999999999	1890
458795	ONSET_EAE	ONSET	1	Lymphocytes	N/A	N/A	859	3.7151999999999998	0.92879999999999996	1615
67512	ONSET_EAE	ONSET	1	Lymphocytes	N/A	N/A	961	1.704	0.53550000000000009	2054
420169	ONSET_EAE	ONSET	1	Lymphocytes	N/A	N/A	894	2.6513	0.57640000000000002	1735
225030	ONSET_EAE	ONSET	1	Lymphocytes	N/A	N/A	908	3.8371000000000004	1.7119	1694
167625	ONSET_EAE	ONSET	1	Lymphocytes	N/A	N/A	911	1.4493	0.69779999999999998	1863
845918	ONSET_EAE	ONSET	1	Lymphocytes	N/A	N/A	1068	1.6931000000000003	0.87379999999999991	1831
669063	ONSET_EAE	ONSET	1	Lymphocytes	N/A	N/A	869	1.5677000000000001	1.1758	1786
713611	ONSET_EAE	ONSET	1	Lymphocytes	N/A	N/A	902	0.62070000000000003	1.1173	1611
853004	ONSET_EAE	ONSET	1	Lymphocytes	N/A	N/A	956	2.4971000000000001	0.52259999999999995	1722
667845	ONSET_EAE	ONSET	1	Lymphocytes	N/A	N/A	879	1.0448999999999999	0.67609999999999992	1627
758627	ONSET_EAE	ONSET	1	Lymphocytes	N/A	N/A	925	1.5690999999999999	0.78460000000000008	1657
505065	ONSET_EAE	ONSET	2	Lymphocytes	N/A	N/A	765	1.3379999999999999	1.2798	1719
329159	ONSET_EAE	ONSET	1	Lymphocytes	N/A	N/A	912	0.7147	1.1315999999999999	1679
324734	ONSET_EAE	ONSET	1	Lymphocytes	N/A	N/A	938	1.1474	0.51639999999999997	1743
323264	ONSET_EAE	ONSET	1	Lymphocytes	N/A	N/A	948	1.5990999999999997	1.028	1751
864729	ONSET_EAE	ONSET	1	Lymphocytes	N/A	N/A	879	1.7413000000000001	0.62190000000000001	1608
792166	ONSET_EAE	ONSET	1	Lymphocytes	N/A	N/A	913	0.89490000000000003	1.7338	1788
95898	ONSET_EAE	ONSET	2	Lymphocytes	N/A	N/A	921	1.0198	0.84989999999999999	1765
316466	ONSET_EAE	ONSET	1	Lymphocytes	N/A	N/A	878	0.6583	0.6583	1823
281119	ONSET_EAE	ONSET	1	Lymphocytes	N/A	N/A	950	1.9632000000000001	0.98160000000000003	1630
565798	ONSET_EAE	ONSET	1	Lymphocytes	N/A	N/A	939	0.61650000000000005	0.80149999999999999	1622
782716	ONSET_EAE	ONSET	2	Lymphocytes	N/A	N/A	805	1.5779999999999998	0.87670000000000003	1711
252690	ONSET_EAE	ONSET	1	Lymphocytes	N/A	N/A	839	0.71789999999999998	1.0049999999999999	1393
209981	ONSET_EAE	ONSET	1	Lymphocytes	N/A	N/A	781	2.5181999999999998	0.92779999999999996	1509
262504	ONSET_EAE	ONSET	1	Lymphocytes	N/A	N/A	849	1.1560999999999999	0.63580000000000003	1730
611133	ONSET_EAE	ONSET	1	Lymphocytes	N/A	N/A	858	1.2864	0.95080000000000009	1788
437221	ONSET_EAE	ONSET	1	Lymphocytes	N/A	N/A	935	0.63990000000000002	0.40720000000000001	1719
427790	ONSET_EAE	ONSET	1	Lymphocytes	N/A	N/A	826	1.1456	1.0108000000000001	1484
843605	ONSET_EAE	ONSET	1	Lymphocytes	N/A	N/A	898	1.5409999999999999	0.71550000000000002	1817
872079	ONSET_EAE	ONSET	2	Lymphocytes	N/A	N/A	1002	0.84030000000000005	0.38779999999999998	1547
565807	ONSET_EAE	ONSET	1	Lymphocytes	N/A	N/A	860	1.7184000000000001	1.1897	1513
61688	ONSET_EAE	ONSET	1	Lymphocytes	N/A	N/A	791	1.5107999999999999	1.1511	1390
643703	ONSET_EAE	ONSET	1	Lymphocytes	N/A	N/A	930	2.8571	0.26950000000000002	1855
453662	ONSET_EAE	ONSET	1	Lymphocytes	N/A	N/A	814	0.88500000000000001	0.68069999999999997	1469
199459	ONSET_EAE	ONSET	1	Lymphocytes	N/A	N/A	833	1.6231	0.70569999999999999	1417
644335	ONSET_EAE	ONSET	1	Lymphocytes	N/A	N/A	891	1.2788999999999999	0.79170000000000007	1642
111532	ONSET_EAE	ONSET	1	Lymphocytes	N/A	N/A	831	1.2464999999999999	0.9003000000000001	1444
796391	ONSET_EAE	ONSET	1	Lymphocytes	N/A	N/A	859	1.5142	0.85580000000000001	1519
728296	ONSET_EAE	ONSET	1	Lymphocytes	N/A	N/A	764	0.21789999999999998	0.58099999999999996	1377
390376	ONSET_EAE	ONSET	N/A	Lymphocytes	N/A	N/A	724	1.4134	1.2366999999999999	1132
236767	ONSET_EAE	ONSET	N/A	Lymphocytes	N/A	N/A	695	1.5610999999999999	0.95399999999999996	1153
56955	CHRONIC_EAE	CHRONIC	2	Lymphocytes	N/A	N/A	3330	0.28160000000000002	0.74720000000000009	9234
759136	CHRONIC_EAE	CHRONIC	2	Lymphocytes	N/A	N/A	3303	0.94769999999999999	0.41390000000000005	9180
563851	CHRONIC_EAE	CHRONIC	2	Lymphocytes	N/A	N/A	2796	0.50850000000000006	0.69920000000000004	7866
500495	CHRONIC_EAE	CHRONIC	2	Lymphocytes	N/A	N/A	2496	0.91629999999999989	0.63190000000000002	6330
322713	CHRONIC_EAE	CHRONIC	2	Lymphocytes	N/A	N/A	2629	0.41700000000000004	0.52510000000000001	6475
318754	CHRONIC_EAE	CHRONIC	2	Lymphocytes	N/A	N/A	2287	0.94789999999999996	0.63800000000000001	5486
538436	CHRONIC_EAE	CHRONIC	2	Lymphocytes	N/A	N/A	2193	1.6169	0.61509999999999998	5690
647571	CHRONIC_EAE	CHRONIC	2	Lymphocytes	N/A	N/A	2336	0.49160000000000004	0.93849999999999989	6713
858286	CHRONIC_EAE	CHRONIC	2	Lymphocytes	N/A	N/A	2242	1.5167999999999999	0.92090000000000005	5538
200143	CHRONIC_EAE	CHRONIC	2	Lymphocytes	N/A	N/A	2114	1.0154000000000001	0.79780000000000006	5515
451598	CHRONIC_EAE	CHRONIC	2	Lymphocytes	N/A	N/A	2014	1.0965	0.93469999999999998	5563
846775	CHRONIC_EAE	CHRONIC	2	Lymphocytes	N/A	N/A	2178	1.1395	0.68759999999999999	5090
852547	CHRONIC_EAE	CHRONIC	2	Lymphocytes	N/A	N/A	2010	0.7681	1.4946999999999999	4817
573601	CHRONIC_EAE	CHRONIC	2	Lymphocytes	N/A	N/A	2092	1.5612999999999999	0.98809999999999987	5060
742282	CHRONIC_EAE	CHRONIC	2	Lymphocytes	N/A	N/A	2214	0.75160000000000005	0.80800000000000005	5322
2096	CHRONIC_EAE	CHRONIC	2	Lymphocytes	N/A	N/A	2325	0.3296	0.76910000000000001	5461
48710	CHRONIC_EAE	CHRONIC	2	Lymphocytes	N/A	N/A	2216	0.93299999999999994	0.55979999999999996	4823
128540	CHRONIC_EAE	CHRONIC	2	Lymphocytes	N/A	N/A	2213	0.84340000000000004	0.43930000000000002	5691
721745	CHRONIC_EAE	CHRONIC	2	Lymphocytes	N/A	N/A	2241	0.83840000000000003	0.66290000000000004	5129
486221	CHRONIC_EAE	CHRONIC	2	Lymphocytes	N/A	N/A	2017	0.44130000000000003	0.72820000000000007	4532
453547	CHRONIC_EAE	CHRONIC	2	Lymphocytes	N/A	N/A	1912	0.52910000000000001	0.61050000000000004	4914
742977	CHRONIC_EAE	CHRONIC	2	Lymphocytes	N/A	N/A	1984	0.28310000000000002	0.5444	4592
264469	CHRONIC_EAE	CHRONIC	2	Lymphocytes	N/A	N/A	1686	0.56090000000000007	1.1752	3744
398197	CHRONIC_EAE	CHRONIC	2	Lymphocytes	N/A	N/A	1861	1.7246000000000001	0.34989999999999999	4001
508278	CHRONIC_EAE	CHRONIC	2	Lymphocytes	N/A	N/A	1875	0.17179999999999998	1.0800000000000001	4074
309749	CHRONIC_EAE	CHRONIC	2	Lymphocytes	N/A	N/A	1807	1.1320999999999999	1.3915	4240
726561	CHRONIC_EAE	CHRONIC	2	Lymphocytes	N/A	N/A	1864	0.55589999999999995	0.60039999999999993	4497
458241	CHRONIC_EAE	CHRONIC	2	Lymphocytes	N/A	N/A	2118	0.63119999999999998	0.40579999999999999	4436
714893	CHRONIC_EAE	CHRONIC	N/A	Lymphocytes	N/A	N/A	1734	0.4052	0.73439999999999994	3949
748846	CHRONIC_EAE	CHRONIC	2	Lymphocytes	N/A	N/A	1693	0.80099999999999993	0.69769999999999999	3870
469387	CHRONIC_EAE	CHRONIC	1	Lymphocytes	N/A	N/A	1773	0.66149999999999998	1.0198	3628
8222	CHRONIC_EAE	CHRONIC	2	Lymphocytes	N/A	N/A	1698	0.2999	1.0496999999999999	4001
11538	CHRONIC_EAE	CHRONIC	2	Lymphocytes	N/A	N/A	1894	0.56040000000000001	0.63680000000000003	3926
395377	CHRONIC_EAE	CHRONIC	2	Lymphocytes	N/A	N/A	1719	1.6756	0.76160000000000005	3939
205550	CHRONIC_EAE	CHRONIC	2	Lymphocytes	N/A	N/A	1556	1.9012999999999998	0.79419999999999991	4155
118825	CHRONIC_EAE	CHRONIC	2	Lymphocytes	N/A	N/A	1585	0.82220000000000004	1.218	3284
211495	CHRONIC_EAE	CHRONIC	2	Lymphocytes	N/A	N/A	1385	0.80499999999999994	1.6696	3354
773064	CHRONIC_EAE	CHRONIC	2	Lymphocytes	N/A	N/A	1516	2.2614000000000001	0.91039999999999988	3405
367423	CHRONIC_EAE	CHRONIC	2	Lymphocytes	N/A	N/A	1745	0.67409999999999992	0.44079999999999997	3857
62083	CHRONIC_EAE	CHRONIC	2	Lymphocytes	N/A	N/A	1771	1.5345	0.5202	3845
549713	CHRONIC_EAE	CHRONIC	2	Lymphocytes	N/A	N/A	1655	1.6161999999999999	0.63129999999999997	3960
573730	CHRONIC_EAE	CHRONIC	2	Lymphocytes	N/A	N/A	1812	0	0.45189999999999997	3983
730517	CHRONIC_EAE	CHRONIC	2	Lymphocytes	N/A	N/A	1540	1.2748999999999999	1.2748999999999999	3765
820155	CHRONIC_EAE	CHRONIC	2	Lymphocytes	N/A	N/A	1786	0.4824	0.90439999999999998	3317
229292	CHRONIC_EAE	CHRONIC	2	Lymphocytes	N/A	N/A	1769	0.66360000000000008	0.81670000000000009	3918
769827	CHRONIC_EAE	CHRONIC	1	Lymphocytes	N/A	N/A	1508	0.7006	1.3056999999999999	3140
583182	CHRONIC_EAE	CHRONIC	2	Lymphocytes	N/A	N/A	1702	0.68719999999999992	0.7147	3638
741474	CHRONIC_EAE	CHRONIC	2	Lymphocytes	N/A	N/A	1579	2.2311999999999999	0.8871	3720
171116	CHRONIC_EAE	CHRONIC	2	Lymphocytes	N/A	N/A	1632	0.77159999999999995	0.89510000000000001	3240
859540	CHRONIC_EAE	CHRONIC	2	Lymphocytes	N/A	N/A	1651	0.4919	0.52080000000000004	3456
568381	CHRONIC_EAE	CHRONIC	2	Lymphocytes	N/A	N/A	1543	1.2174	0.76439999999999997	3532
842691	CHRONIC_EAE	CHRONIC	2	Lymphocytes	N/A	N/A	1653	0.75090000000000001	0.57569999999999999	3995
798001	CHRONIC_EAE	CHRONIC	2	Lymphocytes	N/A	N/A	1660	0.81359999999999988	0.46490000000000004	4302
21045	CHRONIC_EAE	CHRONIC	2	Lymphocytes	N/A	N/A	1572	2.1597	0.72799999999999998	4121
92605	CHRONIC_EAE	CHRONIC	2	Lymphocytes	N/A	N/A	1605	0.71000000000000008	1.0104	3662
269115	CHRONIC_EAE	CHRONIC	2	Lymphocytes	N/A	N/A	1669	1.1801999999999999	0.7772	3474
348227	CHRONIC_EAE	CHRONIC	1	Lymphocytes	N/A	N/A	1365	2.3143000000000002	1.2781	2895
271572	CHRONIC_EAE	CHRONIC	2	Lymphocytes	N/A	N/A	1432	0.90670000000000006	1.1981999999999999	3088
270155	CHRONIC_EAE	CHRONIC	1	Lymphocytes	N/A	N/A	1337	1.4522999999999999	1.1757	2892
795016	CHRONIC_EAE	CHRONIC	2	Lymphocytes	N/A	N/A	1676	0.74099999999999999	0.48450000000000004	3509
845033	CHRONIC_EAE	CHRONIC	2	Lymphocytes	N/A	N/A	1495	0.18790000000000001	0.87659999999999993	3194
133599	CHRONIC_EAE	CHRONIC	2	Lymphocytes	N/A	N/A	1508	1.1773	0.77359999999999995	2973
81131	CHRONIC_EAE	CHRONIC	2	Lymphocytes	N/A	N/A	1489	1.0441	0.43790000000000001	2969
81609	CHRONIC_EAE	CHRONIC	2	Lymphocytes	N/A	N/A	1505	0.7903	0.75729999999999997	3037
11775	CHRONIC_EAE	CHRONIC	2	Lymphocytes	N/A	N/A	1743	0.75390000000000001	0.63329999999999997	3316
723394	CHRONIC_EAE	CHRONIC	2	Lymphocytes	N/A	N/A	1576	2.7885	0.83330000000000004	3120
785999	CHRONIC_EAE	CHRONIC	2	Lymphocytes	N/A	N/A	1525	1.6415	1.1162000000000001	3046
305189	CHRONIC_EAE	CHRONIC	2	Lymphocytes	N/A	N/A	1520	1.9303000000000001	0.77790000000000004	3471
176220	CHRONIC_EAE	CHRONIC	1	Lymphocytes	N/A	N/A	1556	0.97859999999999991	0.88970000000000005	3372
469694	CHRONIC_EAE	CHRONIC	2	Lymphocytes	N/A	N/A	1516	1.2328999999999999	0.83309999999999995	3001
351182	CHRONIC_EAE	CHRONIC	1	Lymphocytes	N/A	N/A	1584	0.68769999999999998	0.71630000000000005	3490
687857	CHRONIC_EAE	CHRONIC	1	Lymphocytes	N/A	N/A	1631	2.2821000000000002	0.76070000000000004	3155
204251	CHRONIC_EAE	CHRONIC	1	Lymphocytes	N/A	N/A	1624	0.21329999999999999	1.1020000000000001	2813
665525	CHRONIC_EAE	CHRONIC	2	Lymphocytes	N/A	N/A	1362	1.1338999999999999	0.67420000000000002	3263
879674	CHRONIC_EAE	CHRONIC	2	Lymphocytes	N/A	N/A	1623	0.87109999999999999	0.63080000000000003	3329
680073	CHRONIC_EAE	CHRONIC	1	Lymphocytes	N/A	N/A	1428	0.52779999999999994	1.1962999999999999	2842
325514	CHRONIC_EAE	CHRONIC	2	Lymphocytes	N/A	N/A	1443	0.65629999999999999	0.65629999999999999	2895
380447	CHRONIC_EAE	CHRONIC	2	Lymphocytes	N/A	N/A	1384	1.7948	0.47860000000000003	3343
109964	CHRONIC_EAE	CHRONIC	2	Lymphocytes	N/A	N/A	1331	0.87049999999999994	0.43530000000000002	2757
811486	CHRONIC_EAE	CHRONIC	1	Lymphocytes	N/A	N/A	1270	1.0975000000000001	0.53310000000000002	3189
708580	CHRONIC_EAE	CHRONIC	N/A	Lymphocytes	N/A	N/A	1642	1.0083	0.54020000000000001	2777
270861	CHRONIC_EAE	CHRONIC	1	Lymphocytes	N/A	N/A	1399	1.0283	1.2852999999999999	2723
485389	CHRONIC_EAE	CHRONIC	2	Lymphocytes	N/A	N/A	1345	0.91420000000000012	0.91420000000000012	2844
618571	CHRONIC_EAE	CHRONIC	1	Lymphocytes	N/A	N/A	1629	0.95919999999999994	0.75370000000000004	2919
504711	CHRONIC_EAE	CHRONIC	2	Lymphocytes	N/A	N/A	1477	0.30560000000000004	0.82520000000000004	3272
189687	CHRONIC_EAE	CHRONIC	2	Lymphocytes	N/A	N/A	1367	0.71699999999999997	0.84509999999999996	3905
861658	CHRONIC_EAE	CHRONIC	2	Lymphocytes	N/A	N/A	1378	0.8932000000000001	0.70709999999999995	2687
128617	CHRONIC_EAE	CHRONIC	1	Lymphocytes	N/A	N/A	1239	0.56930000000000003	0.9042	2986
524365	CHRONIC_EAE	CHRONIC	1	Lymphocytes	N/A	N/A	1488	2.0539999999999998	0.79880000000000007	2629
227904	CHRONIC_EAE	CHRONIC	2	Lymphocytes	N/A	N/A	1363	0.96229999999999993	1.6166	2598
751043	CHRONIC_EAE	CHRONIC	1	Lymphocytes	N/A	N/A	1217	3.8847	1.4201999999999999	2394
380325	CHRONIC_EAE	CHRONIC	1	Lymphocytes	N/A	N/A	1364	0.41749999999999998	0.66110000000000002	2874
808702	CHRONIC_EAE	CHRONIC	2	Lymphocytes	N/A	N/A	1264	1.0028999999999999	0.89539999999999997	2792
805844	CHRONIC_EAE	CHRONIC	1	Lymphocytes	N/A	N/A	1290	0.94879999999999998	1.3200999999999998	2424
354604	CHRONIC_EAE	CHRONIC	2	Lymphocytes	N/A	N/A	1549	1.0006999999999999	1.034	2998
354607	CHRONIC_EAE	CHRONIC	2	Lymphocytes	N/A	N/A	1569	0.9224	0.79520000000000013	3144
278175	CHRONIC_EAE	CHRONIC	1	Lymphocytes	N/A	N/A	1342	2.9056999999999999	0.49059999999999998	2650
693179	CHRONIC_EAE	CHRONIC	2	Lymphocytes	N/A	N/A	1423	0.57489999999999997	0.6109	2783
679694	CHRONIC_EAE	CHRONIC	N/A	Lymphocytes	N/A	N/A	1457	0.8367	0.56889999999999996	2988
528327	CHRONIC_EAE	CHRONIC	1	Lymphocytes	N/A	N/A	1273	1.3043	1.0277000000000001	2530
187183	CHRONIC_EAE	CHRONIC	2	Lymphocytes	N/A	N/A	1178	0.95390000000000008	1.1526000000000001	2516
420867	CHRONIC_EAE	CHRONIC	1	Lymphocytes	N/A	N/A	1339	1.2652999999999999	0.7117	2529
805845	CHRONIC_EAE	CHRONIC	1	Lymphocytes	N/A	N/A	1288	2.1804000000000001	0.89779999999999993	2339
210015	CHRONIC_EAE	CHRONIC	2	Lymphocytes	N/A	N/A	1192	4.1568000000000005	0.67590000000000006	2959
381986	CHRONIC_EAE	CHRONIC	1	Lymphocytes	N/A	N/A	1432	1.3524	0.50229999999999997	2588
259761	CHRONIC_EAE	CHRONIC	2	Lymphocytes	N/A	N/A	1265	1.2149999999999999	0.7732	2716
404448	CHRONIC_EAE	CHRONIC	1	Lymphocytes	N/A	N/A	1078	2.0865999999999998	1.6693	1917
880894	CHRONIC_EAE	CHRONIC	2	Lymphocytes	N/A	N/A	1434	0.59770000000000001	0.52300000000000002	2677
675358	CHRONIC_EAE	CHRONIC	1	Lymphocytes	N/A	N/A	1159	0.24970000000000001	0.66579999999999995	2403
211471	CHRONIC_EAE	CHRONIC	2	Lymphocytes	N/A	N/A	1324	0.43480000000000002	0.9486	2530
126216	CHRONIC_EAE	CHRONIC	1	Lymphocytes	N/A	N/A	1060	0.7177	1.1483000000000001	2090
659611	CHRONIC_EAE	CHRONIC	1	Lymphocytes	N/A	N/A	1230	1.2531999999999999	0.64270000000000005	3112
508221	CHRONIC_EAE	CHRONIC	1	Lymphocytes	N/A	N/A	1338	1.0687	0.68700000000000006	2620
252199	CHRONIC_EAE	CHRONIC	1	Lymphocytes	N/A	N/A	1247	0.38879999999999998	1.0798999999999999	2315
209070	CHRONIC_EAE	CHRONIC	1	Lymphocytes	N/A	N/A	1257	1.2804	1.1478999999999999	2265
781932	CHRONIC_EAE	CHRONIC	1	Lymphocytes	N/A	N/A	1186	1.2584	1.2163999999999999	2384
687341	CHRONIC_EAE	CHRONIC	1	Lymphocytes	N/A	N/A	1371	0.6149	0.81989999999999996	3903
514664	CHRONIC_EAE	CHRONIC	1	Lymphocytes	N/A	N/A	1317	0.41590000000000005	0.65859999999999996	2885
747910	CHRONIC_EAE	CHRONIC	2	Lymphocytes	N/A	N/A	1197	1.1688000000000001	0.99570000000000003	2310
847003	CHRONIC_EAE	CHRONIC	2	Lymphocytes	N/A	N/A	1149	1.4166000000000001	0.39960000000000007	2753
498496	CHRONIC_EAE	CHRONIC	1	Lymphocytes	N/A	N/A	1335	0.44489999999999996	0.70450000000000002	2697
534552	CHRONIC_EAE	CHRONIC	1	Lymphocytes	N/A	N/A	1322	1.2371999999999999	0.81059999999999999	2344
154733	CHRONIC_EAE	CHRONIC	1	Lymphocytes	N/A	N/A	1232	1.0555999999999999	1.1368	2463
759710	CHRONIC_EAE	CHRONIC	2	Lymphocytes	N/A	N/A	955	1.4676	0.7591	1976
308850	CHRONIC_EAE	CHRONIC	2	Lymphocytes	N/A	N/A	1108	0.61219999999999997	0.21610000000000001	2777
233698	CHRONIC_EAE	CHRONIC	1	Lymphocytes	N/A	N/A	1226	1.4151	1.2435999999999998	2332
196712	CHRONIC_EAE	CHRONIC	2	Lymphocytes	N/A	N/A	1134	0.81230000000000002	0.76959999999999995	2339
754063	CHRONIC_EAE	CHRONIC	1	Lymphocytes	N/A	N/A	1353	1.4208000000000001	0.75219999999999998	2393
610136	CHRONIC_EAE	CHRONIC	1	Lymphocytes	N/A	N/A	1215	1.8127	0.4909	2648
729631	CHRONIC_EAE	CHRONIC	1	Lymphocytes	N/A	N/A	1189	0.50309999999999999	0.71279999999999999	2385
406995	CHRONIC_EAE	CHRONIC	1	Lymphocytes	N/A	N/A	1181	1.2522	1.1627999999999998	2236
119170	CHRONIC_EAE	CHRONIC	1	Lymphocytes	N/A	N/A	1102	1.7761	1.0226000000000002	1858
337750	CHRONIC_EAE	CHRONIC	2	Lymphocytes	N/A	N/A	1378	0.7077	0.37469999999999998	2402
132368	CHRONIC_EAE	CHRONIC	1	Lymphocytes	N/A	N/A	1087	3.5924999999999998	1.1811	2032
215378	CHRONIC_EAE	CHRONIC	1	Lymphocytes	N/A	N/A	1189	2.9642999999999997	0.82819999999999994	2294
108484	CHRONIC_EAE	CHRONIC	1	Lymphocytes	N/A	N/A	1238	0.47619999999999996	0.99570000000000003	2310
270965	CHRONIC_EAE	CHRONIC	2	Lymphocytes	N/A	N/A	1021	1.4379999999999999	0.50519999999999998	2573
72765	CHRONIC_EAE	CHRONIC	1	Lymphocytes	N/A	N/A	1367	1.0101	0.58279999999999998	2574
243542	CHRONIC_EAE	CHRONIC	1	Lymphocytes	N/A	N/A	1271	0.80499999999999994	0.8496999999999999	2236
301866	CHRONIC_EAE	CHRONIC	2	Lymphocytes	N/A	N/A	1193	0.81899999999999995	0.90519999999999989	2320
620787	CHRONIC_EAE	CHRONIC	1	Lymphocytes	N/A	N/A	1250	0.67249999999999999	1.1472	2528
7571	CHRONIC_EAE	CHRONIC	1	Lymphocytes	N/A	N/A	1214	0.72660000000000002	0.91780000000000006	2615
246920	CHRONIC_EAE	CHRONIC	1	Lymphocytes	N/A	N/A	1199	0.60270000000000001	1.159	2157
255353	CHRONIC_EAE	CHRONIC	1	Lymphocytes	N/A	N/A	1246	2.6667000000000001	0.79170000000000007	2400
111216	CHRONIC_EAE	CHRONIC	1	Lymphocytes	N/A	N/A	1309	2.3014999999999999	0.76719999999999999	2607
852478	CHRONIC_EAE	CHRONIC	1	Lymphocytes	N/A	N/A	1101	0.85929999999999995	1.7723	1862
596439	CHRONIC_EAE	CHRONIC	1	Lymphocytes	N/A	N/A	1095	0.78779999999999994	1.2802	2031
205650	CHRONIC_EAE	CHRONIC	1	Lymphocytes	N/A	N/A	1000	1.9202000000000001	1.7725000000000002	2031
530577	CHRONIC_EAE	CHRONIC	1	Lymphocytes	N/A	N/A	1090	1.7025999999999999	0.80120000000000002	1997
490412	CHRONIC_EAE	CHRONIC	2	Lymphocytes	N/A	N/A	1216	1.8978999999999999	0.75919999999999999	2371
175066	CHRONIC_EAE	CHRONIC	1	Lymphocytes	N/A	N/A	1237	0.4703	0.68409999999999993	2339
188777	CHRONIC_EAE	CHRONIC	1	Lymphocytes	N/A	N/A	1185	1.5126999999999999	0.79620000000000002	2512
819388	CHRONIC_EAE	CHRONIC	1	Lymphocytes	N/A	N/A	1267	3.3307000000000002	0.47019999999999995	2552
624184	CHRONIC_EAE	CHRONIC	1	Lymphocytes	N/A	N/A	1271	0.47370000000000001	0.73209999999999997	2322
611814	CHRONIC_EAE	CHRONIC	1	Lymphocytes	N/A	N/A	1298	0.84169999999999989	0.68140000000000001	2495
61207	CHRONIC_EAE	CHRONIC	1	Lymphocytes	N/A	N/A	1177	2.7267999999999999	0.79920000000000013	2127
196750	CHRONIC_EAE	CHRONIC	N/A	Lymphocytes	N/A	N/A	1110	0.58110000000000006	0.71520000000000006	2237
830879	CHRONIC_EAE	CHRONIC	1	Lymphocytes	N/A	N/A	1196	0.18289999999999998	0.58540000000000003	2733
556835	CHRONIC_EAE	CHRONIC	1	Lymphocytes	N/A	N/A	1184	0.51859999999999995	0.70720000000000005	2121
150580	CHRONIC_EAE	CHRONIC	1	Lymphocytes	N/A	N/A	1335	0.48450000000000004	0.29819999999999997	2683
67392	CHRONIC_EAE	CHRONIC	1	Lymphocytes	N/A	N/A	1048	1.0504	1.0924	2380
883373	CHRONIC_EAE	CHRONIC	2	Lymphocytes	N/A	N/A	1155	0.50549999999999995	0.80030000000000001	2374
876415	CHRONIC_EAE	CHRONIC	1	Lymphocytes	N/A	N/A	1165	2.5577999999999999	1.7215999999999998	2033
245857	CHRONIC_EAE	CHRONIC	1	Lymphocytes	N/A	N/A	1263	0.54710000000000003	0.37880000000000003	2376
13216	CHRONIC_EAE	CHRONIC	1	Lymphocytes	N/A	N/A	1168	0.39179999999999998	1.3712	2042
321631	CHRONIC_EAE	CHRONIC	1	Lymphocytes	N/A	N/A	1120	0.72040000000000004	0.81040000000000001	2221
69544	CHRONIC_EAE	CHRONIC	1	Lymphocytes	N/A	N/A	1133	0.58169999999999999	1.2603	2063
257634	CHRONIC_EAE	CHRONIC	1	Lymphocytes	N/A	N/A	1167	1.4016000000000002	1.3050000000000002	2069
778104	CHRONIC_EAE	CHRONIC	1	Lymphocytes	N/A	N/A	1208	2.7955000000000001	0.49040000000000006	2039
809181	CHRONIC_EAE	CHRONIC	1	Lymphocytes	N/A	N/A	1111	1.4029	0.74530000000000007	2281
312998	CHRONIC_EAE	CHRONIC	1	Lymphocytes	N/A	N/A	1228	0.86829999999999996	0.57889999999999997	2764
777034	CHRONIC_EAE	CHRONIC	1	Lymphocytes	N/A	N/A	1080	0.9819	0.62019999999999997	1935
96652	CHRONIC_EAE	CHRONIC	1	Lymphocytes	N/A	N/A	1183	1.4564999999999999	0.68269999999999997	2197
871635	CHRONIC_EAE	CHRONIC	1	Lymphocytes	N/A	N/A	1146	0.76470000000000005	0.80969999999999998	2223
180725	CHRONIC_EAE	CHRONIC	1	Lymphocytes	N/A	N/A	1289	0.37529999999999997	1.1258999999999999	2398
180967	CHRONIC_EAE	CHRONIC	1	Lymphocytes	N/A	N/A	1244	1.8458999999999999	1.1536999999999999	2167
831262	CHRONIC_EAE	CHRONIC	1	Lymphocytes	N/A	N/A	1355	0.94569999999999999	0.57569999999999999	2432
591777	CHRONIC_EAE	CHRONIC	1	Lymphocytes	N/A	N/A	1141	0.92130000000000012	1.2982	2388
58493	CHRONIC_EAE	CHRONIC	2	Lymphocytes	N/A	N/A	1198	2.0355000000000003	0.82289999999999996	2309
681051	CHRONIC_EAE	CHRONIC	1	Lymphocytes	N/A	N/A	909	1.1259999999999999	1.6622000000000001	1865
55355	CHRONIC_EAE	CHRONIC	1	Lymphocytes	N/A	N/A	1198	0.47349999999999998	0.85229999999999995	2112
369226	CHRONIC_EAE	CHRONIC	1	Lymphocytes	N/A	N/A	1046	2.3626	1.0786	1947
489201	CHRONIC_EAE	CHRONIC	1	Lymphocytes	N/A	N/A	1191	0.45519999999999994	1.0622	1977
812592	CHRONIC_EAE	CHRONIC	1	Lymphocytes	N/A	N/A	1277	0.49730000000000002	0.49730000000000002	2212
579294	CHRONIC_EAE	CHRONIC	1	Lymphocytes	N/A	N/A	1163	0.71279999999999999	1.3237999999999999	1964
267788	CHRONIC_EAE	CHRONIC	1	Lymphocytes	N/A	N/A	1022	1.8155000000000001	0.93230000000000002	2038
346320	CHRONIC_EAE	CHRONIC	1	Lymphocytes	N/A	N/A	1006	1.5075000000000001	0.95479999999999987	1990
368240	CHRONIC_EAE	CHRONIC	1	Lymphocytes	N/A	N/A	1089	0.65570000000000006	0.6089	2135
161536	CHRONIC_EAE	CHRONIC	2	Lymphocytes	N/A	N/A	1086	1.518	0.61670000000000003	2108
476517	CHRONIC_EAE	CHRONIC	1	Lymphocytes	N/A	N/A	899	1.4027000000000001	1.2274	1711
160719	CHRONIC_EAE	CHRONIC	1	Lymphocytes	N/A	N/A	1076	1.0274000000000001	0.92949999999999999	2044
475668	CHRONIC_EAE	CHRONIC	1	Lymphocytes	N/A	N/A	1073	0.47389999999999999	0.75830000000000009	2110
608866	CHRONIC_EAE	CHRONIC	1	Lymphocytes	N/A	N/A	1112	0.58820000000000006	0.83330000000000004	2040
228667	CHRONIC_EAE	CHRONIC	1	Lymphocytes	N/A	N/A	1112	2.2447000000000004	1.0563	2272
83609	CHRONIC_EAE	CHRONIC	1	Lymphocytes	N/A	N/A	1009	1.1155999999999999	1.4706000000000001	1972
324623	CHRONIC_EAE	CHRONIC	1	Lymphocytes	N/A	N/A	930	1.6626999999999998	0.77200000000000002	1684
576616	CHRONIC_EAE	CHRONIC	1	Lymphocytes	N/A	N/A	1098	1.7507000000000001	1.0609999999999999	1885
603935	CHRONIC_EAE	CHRONIC	1	Lymphocytes	N/A	N/A	1061	1.5751999999999999	0.96539999999999992	1968
388847	CHRONIC_EAE	CHRONIC	1	Lymphocytes	N/A	N/A	1053	0.8407	0.56040000000000001	2498
288799	CHRONIC_EAE	CHRONIC	1	Lymphocytes	N/A	N/A	1128	2.4237000000000002	0.63019999999999998	2063
873881	CHRONIC_EAE	CHRONIC	1	Lymphocytes	N/A	N/A	1124	1.0038	0.58550000000000002	2391
498689	CHRONIC_EAE	CHRONIC	1	Lymphocytes	N/A	N/A	1025	0.73060000000000003	0.68489999999999995	2190
135013	CHRONIC_EAE	CHRONIC	1	Lymphocytes	N/A	N/A	1076	2.4586000000000001	0.9032	1993
134510	CHRONIC_EAE	CHRONIC	1	Lymphocytes	N/A	N/A	1049	1.4123999999999999	1.3183	2124
72349	CHRONIC_EAE	CHRONIC	1	Lymphocytes	N/A	N/A	943	0.5958	1.0924	2014
83246	CHRONIC_EAE	CHRONIC	1	Lymphocytes	N/A	N/A	1080	0.58310000000000006	0.72889999999999999	2058
130643	CHRONIC_EAE	CHRONIC	1	Lymphocytes	N/A	N/A	1220	1.5856999999999999	0.81840000000000002	1955
67520	CHRONIC_EAE	CHRONIC	1	Lymphocytes	N/A	N/A	1110	1.2097	0.44799999999999995	2232
596644	CHRONIC_EAE	CHRONIC	1	Lymphocytes	N/A	N/A	1033	0.92090000000000005	0.62790000000000001	2389
121104	CHRONIC_EAE	CHRONIC	2	Lymphocytes	N/A	N/A	855	1.9081000000000001	0.60709999999999997	2306
312409	CHRONIC_EAE	CHRONIC	1	Lymphocytes	N/A	N/A	1003	0.96999999999999997	1.0582	2268
780316	CHRONIC_EAE	CHRONIC	1	Lymphocytes	N/A	N/A	1084	1.6302000000000001	0.65210000000000001	2147
140791	CHRONIC_EAE	CHRONIC	1	Lymphocytes	N/A	N/A	1051	1.863	1.0070000000000001	1986
759113	CHRONIC_EAE	CHRONIC	1	Lymphocytes	N/A	N/A	971	1.1863999999999999	0.64260000000000006	2023
843931	CHRONIC_EAE	CHRONIC	1	Lymphocytes	N/A	N/A	1141	1.6086	0.58979999999999999	1865
671197	CHRONIC_EAE	CHRONIC	1	Lymphocytes	N/A	N/A	1060	0.78210000000000002	0.94969999999999999	1790
509167	CHRONIC_EAE	CHRONIC	1	Lymphocytes	N/A	N/A	1271	0.82869999999999988	0.1381	2172
592660	CHRONIC_EAE	CHRONIC	1	Lymphocytes	N/A	N/A	1025	1.5013000000000001	0.47260000000000002	3597
295939	CHRONIC_EAE	CHRONIC	N/A	Lymphocytes	N/A	N/A	1079	0.52469999999999994	0.73450000000000004	1906
487659	CHRONIC_EAE	CHRONIC	1	Lymphocytes	N/A	N/A	1082	0.35589999999999999	1.4827999999999999	1686
114763	CHRONIC_EAE	CHRONIC	1	Lymphocytes	N/A	N/A	1070	2.246	0.35729999999999995	1959
650395	CHRONIC_EAE	CHRONIC	1	Lymphocytes	N/A	N/A	1104	1.2383999999999999	1.3932	1938
620357	CHRONIC_EAE	CHRONIC	1	Lymphocytes	N/A	N/A	804	1.0951	1.8416999999999999	2009
531398	CHRONIC_EAE	CHRONIC	1	Lymphocytes	N/A	N/A	951	1.6393000000000002	0.4471	2013
78210	CHRONIC_EAE	CHRONIC	1	Lymphocytes	N/A	N/A	971	1.8932999999999998	0.74580000000000002	1743
402499	CHRONIC_EAE	CHRONIC	1	Lymphocytes	N/A	N/A	941	1.5797999999999999	1.1058000000000001	1899
783355	CHRONIC_EAE	CHRONIC	1	Lymphocytes	N/A	N/A	1066	1.6393000000000002	0.98359999999999992	2135
336673	CHRONIC_EAE	CHRONIC	1	Lymphocytes	N/A	N/A	962	2.1789999999999998	1.0600999999999998	1698
584433	CHRONIC_EAE	CHRONIC	1	Lymphocytes	N/A	N/A	1020	2.0562	0.55169999999999997	1994
289039	CHRONIC_EAE	CHRONIC	1	Lymphocytes	N/A	N/A	1083	2.2079999999999997	0.69730000000000003	1721
18919	CHRONIC_EAE	CHRONIC	1	Lymphocytes	N/A	N/A	952	0.39170000000000005	1.0632000000000001	1787
880680	CHRONIC_EAE	CHRONIC	1	Lymphocytes	N/A	N/A	949	0.50129999999999997	0.70179999999999998	1995
798249	CHRONIC_EAE	CHRONIC	1	Lymphocytes	N/A	N/A	1012	0.56740000000000002	0.70920000000000005	2115
884407	CHRONIC_EAE	CHRONIC	1	Lymphocytes	N/A	N/A	958	1.2949999999999999	1.1261000000000001	1776
74357	CHRONIC_EAE	CHRONIC	2	Lymphocytes	N/A	N/A	922	1.3210999999999999	0.86160000000000003	1741
409174	CHRONIC_EAE	CHRONIC	1	Lymphocytes	N/A	N/A	827	1.3291000000000002	1.5823	1580
426714	CHRONIC_EAE	CHRONIC	1	Lymphocytes	N/A	N/A	917	0.73759999999999992	0.73759999999999992	1627
57086	CHRONIC_EAE	CHRONIC	1	Lymphocytes	N/A	N/A	984	0.88500000000000001	0.82599999999999996	1695
405160	CHRONIC_EAE	CHRONIC	1	Lymphocytes	N/A	N/A	903	2.9193000000000002	1.0303	1747
70313	CHRONIC_EAE	CHRONIC	1	Lymphocytes	N/A	N/A	1136	1.7768999999999999	0.88850000000000007	2026
533773	CHRONIC_EAE	CHRONIC	1	Lymphocytes	N/A	N/A	926	1.2812000000000001	2.1139999999999999	1561
746883	CHRONIC_EAE	CHRONIC	1	Lymphocytes	N/A	N/A	916	0.63169999999999993	1.0106999999999999	1583
769324	CHRONIC_EAE	CHRONIC	1	Lymphocytes	N/A	N/A	956	0.77749999999999997	1.3756000000000002	1672
608463	CHRONIC_EAE	CHRONIC	1	Lymphocytes	N/A	N/A	944	0.70389999999999997	0.80440000000000011	1989
676890	CHRONIC_EAE	CHRONIC	1	Lymphocytes	N/A	N/A	1032	0.2291	1.0309000000000001	1746
370320	CHRONIC_EAE	CHRONIC	1	Lymphocytes	N/A	N/A	1140	1.3497999999999999	0.16869999999999999	1778
864540	CHRONIC_EAE	CHRONIC	1	Lymphocytes	N/A	N/A	946	1.2968	1.0972999999999999	2005
789799	CHRONIC_EAE	CHRONIC	1	Lymphocytes	N/A	N/A	993	0.94389999999999996	1.3633999999999999	1907
331982	CHRONIC_EAE	CHRONIC	1	Lymphocytes	N/A	N/A	919	1.8429999999999997	1.3080000000000001	1682
430992	CHRONIC_EAE	CHRONIC	1	Lymphocytes	N/A	N/A	905	1.2685999999999999	0.27579999999999999	1813
610496	CHRONIC_EAE	CHRONIC	1	Lymphocytes	N/A	N/A	1018	0.48019999999999996	1.3205	1666
143718	CHRONIC_EAE	CHRONIC	2	Lymphocytes	N/A	N/A	1000	1.4363000000000001	0.77799999999999991	1671
285250	CHRONIC_EAE	CHRONIC	2	Lymphocytes	N/A	N/A	911	2.1871999999999998	0.86470000000000002	1966
67175	CHRONIC_EAE	CHRONIC	N/A	Lymphocytes	N/A	N/A	1050	3.3247	1.1948000000000001	1925
486884	CHRONIC_EAE	CHRONIC	1	Lymphocytes	N/A	N/A	893	0.76290000000000002	1.4714	1835
303346	CHRONIC_EAE	CHRONIC	1	Lymphocytes	N/A	N/A	996	3.2398999999999996	1.1838	1605
713974	CHRONIC_EAE	CHRONIC	1	Lymphocytes	N/A	N/A	934	0.68190000000000006	1.2177	2053
72567	CHRONIC_EAE	CHRONIC	1	Lymphocytes	N/A	N/A	973	0.27379999999999999	0.95850000000000002	2191
40818	CHRONIC_EAE	CHRONIC	1	Lymphocytes	N/A	N/A	903	0.88760000000000006	1.0059	1690
786070	CHRONIC_EAE	CHRONIC	1	Lymphocytes	N/A	N/A	1066	1.2521	0.79679999999999995	1757
69192	CHRONIC_EAE	CHRONIC	2	Lymphocytes	N/A	N/A	933	0.91010000000000002	1.2514000000000001	1758
469790	CHRONIC_EAE	CHRONIC	1	Lymphocytes	N/A	N/A	912	2.2854000000000001	1.6677000000000002	1619
245222	CHRONIC_EAE	CHRONIC	1	Lymphocytes	N/A	N/A	981	0.41390000000000005	0.93120000000000003	1933
382484	CHRONIC_EAE	CHRONIC	1	Lymphocytes	N/A	N/A	967	0.59230000000000005	0.64170000000000005	2026
830512	CHRONIC_EAE	CHRONIC	1	Lymphocytes	N/A	N/A	1015	0.95809999999999995	0.53889999999999993	1670
505417	CHRONIC_EAE	CHRONIC	1	Lymphocytes	N/A	N/A	984	0.47670000000000001	0.95340000000000003	1888
880014	CHRONIC_EAE	CHRONIC	1	Lymphocytes	N/A	N/A	915	0.86580000000000013	0.47619999999999996	2310
129679	CHRONIC_EAE	CHRONIC	2	Lymphocytes	N/A	N/A	909	1.3572000000000002	0.55519999999999992	1621
128877	CHRONIC_EAE	CHRONIC	1	Lymphocytes	N/A	N/A	902	0.8257000000000001	0.64219999999999999	2180
740499	CHRONIC_EAE	CHRONIC	2	Lymphocytes	N/A	N/A	856	1.4326999999999999	1.0314999999999999	1745
528875	CHRONIC_EAE	CHRONIC	2	Lymphocytes	N/A	N/A	822	1.1838	0.84550000000000003	1774
272871	CHRONIC_EAE	CHRONIC	1	Lymphocytes	N/A	N/A	823	2.2453000000000003	0.38340000000000002	1826
724023	CHRONIC_EAE	CHRONIC	1	Lymphocytes	N/A	N/A	957	0.44	1.0057	1591
409850	CHRONIC_EAE	CHRONIC	N/A	Lymphocytes	N/A	N/A	1037	0.58579999999999999	0.99590000000000012	1707
697960	CHRONIC_EAE	CHRONIC	1	Lymphocytes	N/A	N/A	835	1.2106999999999999	0.84750000000000003	1652
407974	CHRONIC_EAE	CHRONIC	1	Lymphocytes	N/A	N/A	860	1.7722000000000002	0.5696	1580
751122	CHRONIC_EAE	CHRONIC	1	Lymphocytes	N/A	N/A	1012	0.30159999999999998	0.48250000000000004	1658
458864	CHRONIC_EAE	CHRONIC	2	Lymphocytes	N/A	N/A	941	1.8443000000000001	0.51229999999999998	1952
195671	CHRONIC_EAE	CHRONIC	N/A	Lymphocytes	N/A	N/A	828	1.3037999999999998	1.0429999999999999	1534
9206	CHRONIC_EAE	CHRONIC	N/A	Lymphocytes	N/A	N/A	941	1.1665999999999999	0.84250000000000003	1543
840787	CHRONIC_EAE	CHRONIC	1	Lymphocytes	N/A	N/A	927	0.98949999999999994	0.98949999999999994	1617
127066	CHRONIC_EAE	CHRONIC	1	Lymphocytes	N/A	N/A	846	1.6894	0.77970000000000006	1539
250036	CHRONIC_EAE	CHRONIC	1	Lymphocytes	N/A	N/A	891	0.20200000000000001	1.1448	1485
722625	CHRONIC_EAE	CHRONIC	1	Lymphocytes	N/A	N/A	819	0.42549999999999999	0.53190000000000004	1880
34370	CHRONIC_EAE	CHRONIC	1	Lymphocytes	N/A	N/A	829	1.7795999999999998	0.63150000000000006	1742
772030	CHRONIC_EAE	CHRONIC	1	Lymphocytes	N/A	N/A	859	0.66930000000000001	1.7402999999999997	1494
416482	CHRONIC_EAE	CHRONIC	1	Lymphocytes	N/A	N/A	900	0.44390000000000002	0.31710000000000005	1577
877211	CHRONIC_EAE	CHRONIC	2	Lymphocytes	N/A	N/A	848	2.7574000000000001	1.0416999999999998	1632
729978	CHRONIC_EAE	CHRONIC	1	Lymphocytes	N/A	N/A	725	0.73260000000000003	1.6116999999999999	1365
822684	CHRONIC_EAE	CHRONIC	1	Lymphocytes	N/A	N/A	804	0.96089999999999998	0.51250000000000007	1561
222047	CHRONIC_EAE	CHRONIC	1	Lymphocytes	N/A	N/A	916	1.4863	0.71339999999999992	1682
73563	CHRONIC_EAE	CHRONIC	1	Lymphocytes	N/A	N/A	990	0.74760000000000004	0.11499999999999999	1739
132690	CHRONIC_EAE	CHRONIC	1	Lymphocytes	N/A	N/A	823	2.8369	1.4893999999999998	1410
688360	CHRONIC_EAE	CHRONIC	1	Lymphocytes	N/A	N/A	891	0.99500000000000011	0.99500000000000011	1608
110851	CHRONIC_EAE	CHRONIC	2	Lymphocytes	N/A	N/A	797	4.6206999999999994	0.62750000000000006	1753
601103	CHRONIC_EAE	CHRONIC	2	Lymphocytes	N/A	N/A	825	3.5587	0.59309999999999996	1686
338786	CHRONIC_EAE	CHRONIC	1	Lymphocytes	N/A	N/A	914	0.99590000000000012	0.5272	1707
235215	CHRONIC_EAE	CHRONIC	1	Lymphocytes	N/A	N/A	885	0.80879999999999996	0.95589999999999997	1360
312506	CHRONIC_EAE	CHRONIC	1	Lymphocytes	N/A	N/A	948	3.2902	0.52880000000000005	1702
421234	CHRONIC_EAE	CHRONIC	1	Lymphocytes	N/A	N/A	913	1.4542999999999999	0.83099999999999996	1444
235046	CHRONIC_EAE	CHRONIC	N/A	Lymphocytes	N/A	N/A	822	0.30940000000000001	1.1600999999999999	1293
421944	CHRONIC_EAE	CHRONIC	N/A	Lymphocytes	N/A	N/A	787	1.2149000000000001	1.5185999999999999	1317
438988	CHRONIC_EAE	CHRONIC	1	Lymphocytes	N/A	N/A	772	0.80110000000000003	0.6008	1498
416661	CHRONIC_EAE	CHRONIC	N/A	Lymphocytes	N/A	N/A	875	2.2759	1.3103	1450
312101	CHRONIC_EAE	CHRONIC	1	Lymphocytes	N/A	N/A	861	0.61139999999999994	0.88319999999999999	1472
259484	CHRONIC_EAE	CHRONIC	2	Lymphocytes	N/A	N/A	784	1.0231999999999999	0.54569999999999996	1466
858321	CHRONIC_EAE	CHRONIC	1	Lymphocytes	N/A	N/A	779	2.8955000000000002	1.2005999999999999	1416
438943	CHRONIC_EAE	CHRONIC	1	Lymphocytes	N/A	N/A	918	1.1850000000000001	0.72420000000000007	1519
761876	CHRONIC_EAE	CHRONIC	N/A	Lymphocytes	N/A	N/A	870	1.4024999999999999	0.70130000000000003	1426
368333	CHRONIC_EAE	CHRONIC	2	Lymphocytes	N/A	N/A	856	2.3095999999999997	0.437	1602
673185	CHRONIC_EAE	CHRONIC	1	Lymphocytes	N/A	N/A	841	0.65700000000000003	0.78839999999999999	1522
308113	CHRONIC_EAE	CHRONIC	1	Lymphocytes	N/A	N/A	869	2.8994	0.5917	1690
295504	CHRONIC_EAE	CHRONIC	1	Lymphocytes	N/A	N/A	837	0.93189999999999995	0.71679999999999999	1395
435470	CHRONIC_EAE	CHRONIC	1	Lymphocytes	N/A	N/A	787	1.3896999999999999	0.83379999999999999	1799
602732	CHRONIC_EAE	CHRONIC	1	Lymphocytes	N/A	N/A	732	1.2317	1.0007999999999999	1299
648875	CHRONIC_EAE	CHRONIC	1	Lymphocytes	N/A	N/A	885	1.8421000000000001	1.0526	1520
214286	CHRONIC_EAE	CHRONIC	1	Lymphocytes	N/A	N/A	771	1.1972	1.2676000000000001	1420
448541	CHRONIC_EAE	CHRONIC	1	Lymphocytes	N/A	N/A	802	0.46299999999999997	0.77159999999999995	1296
67962	CHRONIC_EAE	CHRONIC	N/A	Lymphocytes	N/A	N/A	710	0.15229999999999999	1.2186000000000001	1313
390042	CHRONIC_EAE	CHRONIC	1	Lymphocytes	N/A	N/A	813	1.3027	1.1494	1305
882374	CHRONIC_EAE	CHRONIC	1	Lymphocytes	N/A	N/A	851	2.2970999999999999	0.68910000000000005	1306
148552	CHRONIC_EAE	CHRONIC	1	Lymphocytes	N/A	N/A	824	0.23939999999999997	0.89770000000000005	1671
241476	CHRONIC_EAE	CHRONIC	N/A	Lymphocytes	N/A	N/A	803	1.3398999999999999	0.63470000000000004	1418
160161	CHRONIC_EAE	CHRONIC	1	Lymphocytes	N/A	N/A	940	0.74680000000000002	0.61099999999999999	1473
711654	CHRONIC_EAE	CHRONIC	2	Lymphocytes	N/A	N/A	764	0.6875	0.45840000000000003	1309
656219	CHRONIC_EAE	CHRONIC	1	Lymphocytes	N/A	N/A	872	0.86519999999999997	1.0814999999999999	1387
846152	CHRONIC_EAE	CHRONIC	1	Lymphocytes	N/A	N/A	741	1.1402000000000001	0.26829999999999998	1491
380881	CHRONIC_EAE	CHRONIC	1	Lymphocytes	N/A	N/A	800	0.52869999999999995	0.37759999999999999	1324
655805	CHRONIC_EAE	CHRONIC	N/A	Lymphocytes	N/A	N/A	722	1.6997000000000002	0.1416	1412
177251	CHRONIC_EAE	CHRONIC	N/A	Lymphocytes	N/A	N/A	722	0.39110000000000006	0.39110000000000006	1534
